Key,Value
AFG_PPPPC,2553.354
AFG_PPPGDP,91.07
AFG_PCPIE,167.008
AFG_PCPI,164.003
AFG_NGDP_FY,2081.098
AFG_NGDPPC,58348.01
AFG_LUR,
AFG_LP,35.667
AFG_GGX_NGDP,31.735
AFG_GGXWDN_NGDP,
AFG_GGX,660.433
AFG_BCA,-0.553
ALB_PPPPC,16633.834
ALB_PPPGDP,44.77
ALB_PCPIE,138.203
ALB_PCPI,137.324
ALB_NGDP_FY,2106.068
ALB_NGDPPC,782488.641
ALB_LUR,12.5
ALB_LP,2.691
ALB_GGX_NGDP,30.715
ALB_GGXWDN_NGDP,50.04
ALB_GGX,646.877
ALB_BCA,-1.513
DZA_PPPPC,17610.311
DZA_PPPGDP,757.768
DZA_PCPIE,213.485
DZA_PCPI,208.48
DZA_NGDP_FY,26497.922
DZA_NGDPPC,615804.249
DZA_LUR,12.65
DZA_LP,43.03
DZA_GGX_NGDP,35.103
DZA_GGXWDN_NGDP,15.315
DZA_GGX,9301.689
DZA_BCA,-16.259
ASM_PPPPC,0
ASM_PPPGDP,0
ASM_PCPIE,0
ASM_PCPI,0
ASM_NGDP_FY,0
ASM_NGDPPC,0
ASM_LUR,0
ASM_LP,0
ASM_GGX_NGDP,0
ASM_GGXWDN_NGDP,0
ASM_GGX,0
ASM_BCA,0
AND_PPPPC,0
AND_PPPGDP,0
AND_PCPIE,0
AND_PCPI,0
AND_NGDP_FY,0
AND_NGDPPC,0
AND_LUR,0
AND_LP,0
AND_GGX_NGDP,0
AND_GGXWDN_NGDP,0
AND_GGX,0
AND_BCA,0
AGO_PPPPC,9001.053
AGO_PPPGDP,262.065
AGO_PCPIE,215.892
AGO_PCPI,209.785
AGO_NGDP_FY,21463.929
AGO_NGDPPC,737213.659
AGO_LUR,
AGO_LP,29.115
AGO_GGX_NGDP,30.664
AGO_GGXWDN_NGDP,
AGO_GGX,6581.743
AGO_BCA,-4.34
AIA_PPPPC,0
AIA_PPPGDP,0
AIA_PCPIE,0
AIA_PCPI,0
AIA_NGDP_FY,0
AIA_NGDPPC,0
AIA_LUR,0
AIA_LP,0
AIA_GGX_NGDP,0
AIA_GGXWDN_NGDP,0
AIA_GGX,0
AIA_BCA,0
ATA_PPPPC,0
ATA_PPPGDP,0
ATA_PCPIE,0
ATA_PCPI,0
ATA_NGDP_FY,0
ATA_NGDPPC,0
ATA_LUR,0
ATA_LP,0
ATA_GGX_NGDP,0
ATA_GGXWDN_NGDP,0
ATA_GGX,0
ATA_BCA,0
ATG_PPPPC,27265.732
ATG_PPPGDP,2.569
ATG_PCPIE,151.91
ATG_PCPI,150.171
ATG_NGDP_FY,4.378
ATG_NGDPPC,46463.72
ATG_LUR,
ATG_LP,0.094
ATG_GGX_NGDP,19.609
ATG_GGXWDN_NGDP,81.133
ATG_GGX,0.858
ATG_BCA,-0.239
ARG_PPPPC,23738.701
ARG_PPPGDP,1065.527
ARG_PCPIE,583.7
ARG_PCPI,331.87
ARG_NGDP_FY,13307.093
ARG_NGDPPC,296466.604
ARG_LUR,8.609
ARG_LP,44.886
ARG_GGX_NGDP,40.058
ARG_GGXWDN_NGDP,
ARG_GGX,5330.548
ARG_BCA,-9.15
ARM_PPPPC,8971.931
ARM_PPPGDP,29.61
ARM_PCPIE,359.779
ARM_PCPI,350.463
ARM_NGDP_FY,6306.345
ARM_NGDPPC,1910871.283
ARM_LUR,17.0
ARM_LP,3.3
ARM_GGX_NGDP,27.643
ARM_GGXWDN_NGDP,
ARM_GGX,1743.274
ARM_BCA,-0.775
ABW_PPPPC,0
ABW_PPPGDP,0
ABW_PCPIE,0
ABW_PCPI,0
ABW_NGDP_FY,0
ABW_NGDPPC,0
ABW_LUR,0
ABW_LP,0
ABW_GGX_NGDP,0
ABW_GGXWDN_NGDP,0
ABW_GGX,0
ABW_BCA,0
AUS_PPPPC,57088.686
AUS_PPPGDP,1449.532
AUS_PCPIE,123.21
AUS_PCPI,122.067
AUS_NGDP_FY,2052.622
AUS_NGDPPC,80840.901
AUS_LUR,5.5
AUS_LP,25.391
AUS_GGX_NGDP,37.038
AUS_GGXWDN_NGDP,22.358
AUS_GGX,760.259
AUS_BCA,-50.455
AUT_PPPPC,54070.995
AUT_PPPGDP,472.139
AUT_PCPIE,134.124
AUT_PCPI,132.333
AUT_NGDP_FY,386.867
AUT_NGDPPC,44305.337
AUT_LUR,4.5
AUT_LP,8.732
AUT_GGX_NGDP,51.007
AUT_GGXWDN_NGDP,47.145
AUT_GGX,197.328
AUT_BCA,7.922
AZE_PPPPC,21852.22
AZE_PPPGDP,215.091
AZE_PCPIE,304.873
AZE_PCPI,356.0
AZE_NGDP_FY,88.687
AZE_NGDPPC,9010.209
AZE_LUR,6.048
AZE_LP,9.843
AZE_GGX_NGDP,29.794
AZE_GGXWDN_NGDP,
AZE_GGX,26.423
AZE_BCA,9.393
BHS_PPPPC,29199.4
BHS_PPPGDP,11.242
BHS_PCPIE,117.259
BHS_PCPI,118.178
BHS_NGDP_FY,10.658
BHS_NGDPPC,28095.693
BHS_LUR,11.852
BHS_LP,0.385
BHS_GGX_NGDP,20.981
BHS_GGXWDN_NGDP,59.583
BHS_GGX,2.236
BHS_BCA,-0.805
BHR_PPPPC,59747.317
BHR_PPPGDP,80.589
BHR_PCPIE,135.527
BHR_PCPI,134.614
BHR_NGDP_FY,15.1
BHR_NGDPPC,11194.821
BHR_LUR,4.264
BHR_LP,1.349
BHR_GGX_NGDP,30.729
BHR_GGXWDN_NGDP,72.767
BHR_GGX,4.64
BHR_BCA,-0.332
BGD_PPPPC,5225.268
BGD_PPPGDP,879.473
BGD_PCPIE,308.645
BGD_PCPI,285.955
BGD_NGDP_FY,29584.707
BGD_NGDPPC,186867.994
BGD_LUR,
BGD_LP,168.312
BGD_GGX_NGDP,15.814
BGD_GGXWDN_NGDP,
BGD_GGX,4678.407
BGD_BCA,-3.867
BRB_PPPPC,19477.884
BRB_PPPGDP,5.509
BRB_PCPIE,193.719
BRB_PCPI,197.602
BRB_NGDP_FY,10.829
BRB_NGDPPC,37763.165
BRB_LUR,8.875
BRB_LP,0.283
BRB_GGX_NGDP,41.977
BRB_GGXWDN_NGDP,
BRB_GGX,4.546
BRB_BCA,-0.295
BLR_PPPPC,20386.835
BLR_PPPGDP,187.304
BLR_PCPIE,1551.133
BLR_PCPI,1461.262
BLR_NGDP_FY,2142153.117
BLR_NGDPPC,233159854.867
BLR_LUR,0.515
BLR_LP,9.187
BLR_GGX_NGDP,46.177
BLR_GGXWDN_NGDP,
BLR_GGX,989189.527
BLR_BCA,-3.316
BEL_PPPPC,50406.36
BEL_PPPGDP,584.337
BEL_PCPIE,129.633
BEL_PCPI,128.572
BEL_NGDP_FY,470.031
BEL_NGDPPC,40546.042
BEL_LUR,8.012
BEL_LP,11.593
BEL_GGX_NGDP,51.05
BEL_GGXWDN_NGDP,62.924
BEL_GGX,239.952
BEL_BCA,12.615
BLZ_PPPPC,9455.697
BLZ_PPPGDP,3.799
BLZ_PCPIE,149.849
BLZ_PCPI,149.139
BLZ_NGDP_FY,4.489
BLZ_NGDPPC,11051.563
BLZ_LUR,10.098
BLZ_LP,0.402
BLZ_GGX_NGDP,29.425
BLZ_GGXWDN_NGDP,88.267
BLZ_GGX,1.321
BLZ_BCA,-0.156
BEN_PPPPC,2499.6
BEN_PPPGDP,30.47
BEN_PCPIE,128.608
BEN_PCPI,127.635
BEN_NGDP_FY,6627.439
BEN_NGDPPC,543684.213
BEN_LUR,
BEN_LP,12.19
BEN_GGX_NGDP,23.116
BEN_GGXWDN_NGDP,
BEN_GGX,1532.021
BEN_BCA,-1.094
BMU_PPPPC,0
BMU_PPPGDP,0
BMU_PCPIE,0
BMU_PCPI,0
BMU_NGDP_FY,0
BMU_NGDPPC,0
BMU_LUR,0
BMU_LP,0
BMU_GGX_NGDP,0
BMU_GGXWDN_NGDP,0
BMU_GGX,0
BMU_BCA,0
BTN_PPPPC,12521.747
BTN_PPPGDP,10.575
BTN_PCPIE,1494.391
BTN_PCPI,1577.909
BTN_NGDP_FY,284.805
BTN_NGDPPC,337224.541
BTN_LUR,3.2
BTN_LP,0.845
BTN_GGX_NGDP,25.886
BTN_GGXWDN_NGDP,
BTN_GGX,73.724
BTN_BCA,-0.246
BOL_PPPPC,7775.404
BOL_PPPGDP,98.86
BOL_PCPIE,209.02
BOL_PCPI,204.322
BOL_NGDP_FY,360.686
BOL_NGDPPC,28368.322
BOL_LUR,4.0
BOL_LP,12.714
BOL_GGX_NGDP,37.257
BOL_GGXWDN_NGDP,43.8
BOL_GGX,134.383
BOL_BCA,-0.509
BES_PPPPC,0
BES_PPPGDP,0
BES_PCPIE,0
BES_PCPI,0
BES_NGDP_FY,0
BES_NGDPPC,0
BES_LUR,0
BES_LP,0
BES_GGX_NGDP,0
BES_GGXWDN_NGDP,0
BES_GGX,0
BES_BCA,0
BIH_PPPPC,13541.346
BIH_PPPGDP,51.797
BIH_PCPIE,150.878
BIH_PCPI,153.696
BIH_NGDP_FY,35.93
BIH_NGDPPC,9393.233
BIH_LUR,24.5
BIH_LP,3.825
BIH_GGX_NGDP,48.505
BIH_GGXWDN_NGDP,32.113
BIH_GGX,17.428
BIH_BCA,-1.231
BWA_PPPPC,20907.089
BWA_PPPGDP,47.208
BWA_PCPIE,360.563
BWA_PCPI,365.594
BWA_NGDP_FY,223.768
BWA_NGDPPC,97584.715
BWA_LUR,
BWA_LP,2.258
BWA_GGX_NGDP,27.225
BWA_GGXWDN_NGDP,
BWA_GGX,60.92
BWA_BCA,3.411
BVT_PPPPC,0
BVT_PPPGDP,0
BVT_PCPIE,0
BVT_PCPI,0
BVT_NGDP_FY,0
BVT_NGDPPC,0
BVT_LUR,0
BVT_LP,0
BVT_GGX_NGDP,0
BVT_GGXWDN_NGDP,0
BVT_GGX,0
BVT_BCA,0
BRA_PPPPC,18756.786
BRA_PPPGDP,3977.896
BRA_PCPIE,36455636048713.1
BRA_PCPI,35735597581496.6
BRA_NGDP_FY,8555.797
BRA_NGDPPC,40342.75
BRA_LUR,5.509
BRA_LP,212.078
BRA_GGX_NGDP,37.577
BRA_GGXWDN_NGDP,33.419
BRA_GGX,3214.983
BRA_BCA,-76.049
IOT_PPPPC,0
IOT_PPPGDP,0
IOT_PCPIE,0
IOT_PCPI,0
IOT_NGDP_FY,0
IOT_NGDPPC,0
IOT_LUR,0
IOT_LP,0
IOT_GGX_NGDP,0
IOT_GGXWDN_NGDP,0
IOT_GGX,0
IOT_BCA,0
BRN_PPPPC,97031.676
BRN_PPPGDP,44.08
BRN_PCPIE,100.903
BRN_PCPI,101.001
BRN_NGDP_FY,24.465
BRN_NGDPPC,53854.511
BRN_LUR,2.7
BRN_LP,0.454
BRN_GGX_NGDP,34.403
BRN_GGXWDN_NGDP,
BRN_GGX,8.417
BRN_BCA,2.204
BGR_PPPPC,22855.788
BGR_PPPGDP,159.734
BGR_PCPIE,155.236
BGR_PCPI,152.826
BGR_NGDP_FY,98.333
BGR_NGDPPC,14070.193
BGR_LUR,8.07
BGR_LP,6.989
BGR_GGX_NGDP,35.706
BGR_GGXWDN_NGDP,3.861
BGR_GGX,35.111
BGR_BCA,-1.316
BFA_PPPPC,2248.316
BFA_PPPGDP,46.517
BFA_PCPIE,119.841
BFA_PCPI,119.017
BFA_NGDP_FY,9854.222
BFA_NGDPPC,476283.786
BFA_LUR,
BFA_LP,20.69
BFA_GGX_NGDP,26.888
BFA_GGXWDN_NGDP,
BFA_GGX,2649.597
BFA_BCA,-1.212
BDI_PPPPC,1188.767
BDI_PPPGDP,12.61
BDI_PCPIE,144.421
BDI_PCPI,138.803
BDI_NGDP_FY,8935.845
BDI_NGDPPC,842370.181
BDI_LUR,
BDI_LP,10.608
BDI_GGX_NGDP,27.38
BDI_GGXWDN_NGDP,
BDI_GGX,2446.604
BDI_BCA,-0.627
CPV_PPPPC,8173.596
CPV_PPPGDP,4.561
CPV_PCPIE,160.123
CPV_PCPI,158.383
CPV_NGDP_FY,227.943
CPV_NGDPPC,408464.885
CPV_LUR,8.0
CPV_LP,0.558
CPV_GGX_NGDP,26.548
CPV_GGXWDN_NGDP,102.506
CPV_GGX,60.513
CPV_BCA,-0.107
KHM_PPPPC,5047.997
KHM_PPPGDP,84.525
KHM_PCPIE,184.631
KHM_PCPI,182.225
KHM_NGDP_FY,118319.99
KHM_NGDPPC,7066332.863
KHM_LUR,
KHM_LP,16.744
KHM_GGX_NGDP,21.944
KHM_GGXWDN_NGDP,
KHM_GGX,25963.812
KHM_BCA,-1.459
CMR_PPPPC,3821.658
CMR_PPPGDP,99.914
CMR_PCPIE,274.035
CMR_PCPI,268.487
CMR_NGDP_FY,23504.672
CMR_NGDPPC,899045.344
CMR_LUR,
CMR_LP,26.144
CMR_GGX_NGDP,20.718
CMR_GGXWDN_NGDP,
CMR_GGX,4869.582
CMR_BCA,-1.998
CAN_PPPPC,52926.682
CAN_PPPGDP,1985.811
CAN_PCPIE,140.977
CAN_PCPI,139.908
CAN_NGDP_FY,2491.633
CAN_NGDPPC,66408.047
CAN_LUR,6.55
CAN_LP,37.52
CAN_GGX_NGDP,38.815
CAN_GGXWDN_NGDP,34.281
CAN_GGX,967.132
CAN_BCA,-36.384
CYM_PPPPC,0
CYM_PPPGDP,0
CYM_PCPIE,0
CYM_PCPI,0
CYM_NGDP_FY,0
CYM_NGDPPC,0
CYM_LUR,0
CYM_LP,0
CYM_GGX_NGDP,0
CYM_GGXWDN_NGDP,0
CYM_GGX,0
CYM_BCA,0
CAF_PPPPC,838.616
CAF_PPPGDP,4.43
CAF_PCPIE,227.203
CAF_PCPI,225.158
CAF_NGDP_FY,1566.657
CAF_NGDPPC,296577.876
CAF_LUR,
CAF_LP,5.282
CAF_GGX_NGDP,21.287
CAF_GGXWDN_NGDP,
CAF_GGX,333.488
CAF_BCA,-0.211
TCD_PPPPC,3468.549
TCD_PPPGDP,45.515
TCD_PCPIE,158.266
TCD_PCPI,156.142
TCD_NGDP_FY,10851.293
TCD_NGDPPC,826935.164
TCD_LUR,
TCD_LP,13.122
TCD_GGX_NGDP,23.109
TCD_GGXWDN_NGDP,
TCD_GGX,2507.653
TCD_BCA,-0.691
CHL_PPPPC,29460.25
CHL_PPPGDP,558.953
CHL_PCPIE,126.709
CHL_PCPI,124.653
CHL_NGDP_FY,213587.164
CHL_NGDPPC,11257345.493
CHL_LUR,6.3
CHL_LP,18.973
CHL_GGX_NGDP,26.555
CHL_GGXWDN_NGDP,2.606
CHL_GGX,56717.585
CHL_BCA,-7.658
CHN_PPPPC,20003.577
CHN_PPPGDP,28229.144
CHN_PCPIE,126.476
CHN_PCPI,129.012
CHN_NGDP_FY,101720.492
CHN_NGDPPC,72080.603
CHN_LUR,4.09
CHN_LP,1411.205
CHN_GGX_NGDP,28.515
CHN_GGXWDN_NGDP,
CHN_GGX,29005.856
CHN_BCA,484.116
CXR_PPPPC,0
CXR_PPPGDP,0
CXR_PCPIE,0
CXR_PCPI,0
CXR_NGDP_FY,0
CXR_NGDPPC,0
CXR_LUR,0
CXR_LP,0
CXR_GGX_NGDP,0
CXR_GGXWDN_NGDP,0
CXR_GGX,0
CXR_BCA,0
CCK_PPPPC,0
CCK_PPPGDP,0
CCK_PCPIE,0
CCK_PCPI,0
CCK_NGDP_FY,0
CCK_NGDPPC,0
CCK_LUR,0
CCK_LP,0
CCK_GGX_NGDP,0
CCK_GGXWDN_NGDP,0
CCK_GGX,0
CCK_BCA,0
COL_PPPPC,17601.041
COL_PPPGDP,898.374
COL_PCPIE,142.452
COL_PCPI,141.309
COL_NGDP_FY,1135193.347
COL_NGDPPC,22240830.064
COL_LUR,8.9
COL_LP,51.041
COL_GGX_NGDP,27.398
COL_GGXWDN_NGDP,30.392
COL_GGX,311022.976
COL_BCA,-17.274
COM_PPPPC,1810.174
COM_PPPGDP,1.678
COM_PCPIE,203.294
COM_PCPI,197.395
COM_NGDP_FY,390.922
COM_NGDPPC,421818.308
COM_LUR,
COM_LP,0.927
COM_GGX_NGDP,26.369
COM_GGXWDN_NGDP,14.38
COM_GGX,103.082
COM_BCA,-0.117
COD_PPPPC,1006.571
COD_PPPGDP,95.312
COD_PCPIE,1571.474
COD_PCPI,3362.615
COD_NGDP_FY,59690.993
COD_NGDPPC,630387.762
COD_LUR,
COD_LP,94.689
COD_GGX_NGDP,15.772
COD_GGXWDN_NGDP,
COD_GGX,9414.537
COD_BCA,-6.468
COG_PPPPC,8582.132
COG_PPPGDP,41.606
COG_PCPIE,162.29
COG_PCPI,160.344
COG_NGDP_FY,8328.025
COG_NGDPPC,1717835.499
COG_LUR,
COG_LP,4.848
COG_GGX_NGDP,38.097
COG_GGXWDN_NGDP,
COG_GGX,3172.701
COG_BCA,0.159
COK_PPPPC,0
COK_PPPGDP,0
COK_PCPIE,0
COK_PCPI,0
COK_NGDP_FY,0
COK_NGDPPC,0
COK_LUR,0
COK_LP,0
COK_GGX_NGDP,0
COK_GGXWDN_NGDP,0
COK_GGX,0
COK_BCA,0
CRI_PPPPC,19637.955
CRI_PPPGDP,101.35
CRI_PCPIE,216.096
CRI_PCPI,211.94
CRI_NGDP_FY,43150.735
CRI_NGDPPC,8361083.668
CRI_LUR,7.634
CRI_LP,5.161
CRI_GGX_NGDP,20.677
CRI_GGXWDN_NGDP,52.563
CRI_GGX,8922.193
CRI_BCA,-3.442
HRV_PPPPC,25401.169
HRV_PPPGDP,107.599
HRV_PCPIE,117.444
HRV_PCPI,116.465
HRV_NGDP_FY,394.546
HRV_NGDPPC,93141.15
HRV_LUR,14.675
HRV_LP,4.236
HRV_GGX_NGDP,46.288
HRV_GGXWDN_NGDP,
HRV_GGX,182.626
HRV_BCA,-0.547
CUB_PPPPC,0
CUB_PPPGDP,0
CUB_PCPIE,0
CUB_PCPI,0
CUB_NGDP_FY,0
CUB_NGDPPC,0
CUB_LUR,0
CUB_LP,0
CUB_GGX_NGDP,0
CUB_GGXWDN_NGDP,0
CUB_GGX,0
CUB_BCA,0
CUW_PPPPC,0
CUW_PPPGDP,0
CUW_PCPIE,0
CUW_PCPI,0
CUW_NGDP_FY,0
CUW_NGDPPC,0
CUW_LUR,0
CUW_LP,0
CUW_GGX_NGDP,0
CUW_GGXWDN_NGDP,0
CUW_GGX,0
CUW_BCA,0
CYP_PPPPC,35571.671
CYP_PPPGDP,33.486
CYP_PCPIE,124.501
CYP_PCPI,127.498
CYP_NGDP_FY,20.545
CYP_NGDPPC,21824.417
CYP_LUR,10.23
CYP_LP,0.941
CYP_GGX_NGDP,38.168
CYP_GGXWDN_NGDP,
CYP_GGX,7.842
CYP_BCA,-0.274
CZE_PPPPC,38025.962
CZE_PPPGDP,402.253
CZE_PCPIE,136.509
CZE_PCPI,134.967
CZE_NGDP_FY,5446.702
CZE_NGDPPC,514890.019
CZE_LUR,4.559
CZE_LP,10.578
CZE_GGX_NGDP,38.372
CZE_GGXWDN_NGDP,
CZE_GGX,2090.016
CZE_BCA,-1.393
CIV_PPPPC,4486.136
CIV_PPPGDP,118.88
CIV_PCPIE,162.594
CIV_PCPI,161.668
CIV_NGDP_FY,28392.268
CIV_NGDPPC,1071433.709
CIV_LUR,
CIV_LP,26.499
CIV_GGX_NGDP,23.382
CIV_GGXWDN_NGDP,
CIV_GGX,6638.544
CIV_BCA,-2.375
DNK_PPPPC,54725.104
DNK_PPPGDP,313.046
DNK_PCPIE,145.109
DNK_PCPI,144.758
DNK_NGDP_FY,2439.407
DNK_NGDPPC,426444.969
DNK_LUR,4.5
DNK_LP,5.72
DNK_GGX_NGDP,51.443
DNK_GGXWDN_NGDP,8.649
DNK_GGX,1254.915
DNK_BCA,16.829
DJI_PPPPC,4254.821
DJI_PPPGDP,4.717
DJI_PCPIE,198.333
DJI_PCPI,198.619
DJI_NGDP_FY,507.229
DJI_NGDPPC,457553.992
DJI_LUR,
DJI_LP,1.109
DJI_GGX_NGDP,29.171
DJI_GGXWDN_NGDP,
DJI_GGX,147.965
DJI_BCA,-0.359
DMA_PPPPC,13570.035
DMA_PPPGDP,0.96
DMA_PCPIE,111.938
DMA_PCPI,111.121
DMA_NGDP_FY,1.765
DMA_NGDPPC,24478.618
DMA_LUR,
DMA_LP,0.071
DMA_GGX_NGDP,33.449
DMA_GGXWDN_NGDP,87.958
DMA_GGX,0.59
DMA_BCA,-0.082
DOM_PPPPC,16684.712
DOM_PPPGDP,196.804
DOM_PCPIE,148.057
DOM_PCPI,145.426
DOM_NGDP_FY,4404.708
DOM_NGDPPC,373423.384
DOM_LUR,5.6
DOM_LP,11.795
DOM_GGX_NGDP,17.605
DOM_GGXWDN_NGDP,
DOM_GGX,775.458
DOM_BCA,-3.557
ECU_PPPPC,14192.394
ECU_PPPGDP,248.518
ECU_PCPIE,120.172
ECU_PCPI,118.738
ECU_NGDP_FY,145.107
ECU_NGDPPC,8286.797
ECU_LUR,5.0
ECU_LP,17.511
ECU_GGX_NGDP,34.15
ECU_GGXWDN_NGDP,
ECU_GGX,49.555
ECU_BCA,-4.34
EGY_PPPPC,14026.152
EGY_PPPGDP,1369.489
EGY_PCPIE,477.214
EGY_PCPI,493.702
EGY_NGDP_FY,4365.984
EGY_NGDPPC,44715.909
EGY_LUR,8.854
EGY_LP,97.638
EGY_GGX_NGDP,30.565
EGY_GGXWDN_NGDP,77.745
EGY_GGX,1334.454
EGY_BCA,-2.356
SLV_PPPPC,9976.533
SLV_PPPGDP,64.927
SLV_PCPIE,121.265
SLV_PCPI,120.076
SLV_NGDP_FY,32.456
SLV_NGDPPC,4987.146
SLV_LUR,5.537
SLV_LP,6.508
SLV_GGX_NGDP,23.684
SLV_GGXWDN_NGDP,
SLV_GGX,7.687
SLV_BCA,-1.902
GNQ_PPPPC,20561.785
GNQ_PPPGDP,18.236
GNQ_PCPIE,242.831
GNQ_PCPI,238.018
GNQ_NGDP_FY,4372.5
GNQ_NGDPPC,4930132.396
GNQ_LUR,
GNQ_LP,0.887
GNQ_GGX_NGDP,25.166
GNQ_GGXWDN_NGDP,20.544
GNQ_GGX,1100.383
GNQ_BCA,-0.646
ERI_PPPPC,1287.948
ERI_PPPGDP,10.228
ERI_PCPIE,1591.151
ERI_PCPI,1678.251
ERI_NGDP_FY,115.2
ERI_NGDPPC,14506.258
ERI_LUR,
ERI_LP,7.941
ERI_GGX_NGDP,26.949
ERI_GGXWDN_NGDP,
ERI_GGX,31.045
ERI_BCA,-0.269
EST_PPPPC,36918.101
EST_PPPGDP,47.898
EST_PCPIE,158.181
EST_PCPI,160.295
EST_NGDP_FY,27.161
EST_NGDPPC,20935.056
EST_LUR,6.458
EST_LP,1.297
EST_GGX_NGDP,39.077
EST_GGXWDN_NGDP,-0.25
EST_GGX,10.614
EST_BCA,-0.264
SWZ_PPPPC,8874.439
SWZ_PPPGDP,10.582
SWZ_PCPIE,355.557
SWZ_PCPI,336.177
SWZ_NGDP_FY,58.698
SWZ_NGDPPC,48536.342
SWZ_LUR,
SWZ_LP,1.192
SWZ_GGX_NGDP,36.013
SWZ_GGXWDN_NGDP,26.122
SWZ_GGX,21.139
SWZ_BCA,-0.135
ETH_PPPPC,2474.632
ETH_PPPGDP,255.048
ETH_PCPIE,986.563
ETH_PCPI,877.588
ETH_NGDP_FY,2672.487
ETH_NGDPPC,25930.15
ETH_LUR,
ETH_LP,103.065
ETH_GGX_NGDP,18.908
ETH_GGXWDN_NGDP,23.458
ETH_GGX,505.307
ETH_BCA,-5.449
FLK_PPPPC,0
FLK_PPPGDP,0
FLK_PCPIE,0
FLK_PCPI,0
FLK_NGDP_FY,0
FLK_NGDPPC,0
FLK_LUR,0
FLK_LP,0
FLK_GGX_NGDP,0
FLK_GGXWDN_NGDP,0
FLK_GGX,0
FLK_BCA,0
FRO_PPPPC,0
FRO_PPPGDP,0
FRO_PCPIE,0
FRO_PCPI,0
FRO_NGDP_FY,0
FRO_NGDPPC,0
FRO_LUR,0
FRO_LP,0
FRO_GGX_NGDP,0
FRO_GGXWDN_NGDP,0
FRO_GGX,0
FRO_BCA,0
FJI_PPPPC,10604.046
FJI_PPPGDP,9.675
FJI_PCPIE,147.155
FJI_PCPI,144.134
FJI_NGDP_FY,11.676
FJI_NGDPPC,12797.914
FJI_LUR,8.75
FJI_LP,0.912
FJI_GGX_NGDP,29.595
FJI_GGXWDN_NGDP,42.395
FJI_GGX,3.456
FJI_BCA,-0.446
FIN_PPPPC,47527.5
FIN_PPPGDP,268.26
FIN_PCPIE,135.14
FIN_PCPI,134.268
FIN_NGDP_FY,246.15
FIN_NGDPPC,43610.203
FIN_LUR,7.2
FIN_LP,5.644
FIN_GGX_NGDP,57.015
FIN_GGXWDN_NGDP,-30.431
FIN_GGX,140.343
FIN_BCA,0.039
FRA_PPPPC,48094.967
FRA_PPPGDP,3159.792
FRA_PCPIE,123.269
FRA_PCPI,123.202
FRA_NGDP_FY,2525.265
FRA_NGDPPC,38436.872
FRA_LUR,9.362
FRA_LP,65.699
FRA_GGX_NGDP,53.194
FRA_GGXWDN_NGDP,84.395
FRA_GGX,1343.295
FRA_BCA,-7.709
GUF_PPPPC,0
GUF_PPPGDP,0
GUF_PCPIE,0
GUF_PCPI,0
GUF_NGDP_FY,0
GUF_NGDPPC,0
GUF_LUR,0
GUF_LP,0
GUF_GGX_NGDP,0
GUF_GGXWDN_NGDP,0
GUF_GGX,0
GUF_BCA,0
PYF_PPPPC,0
PYF_PPPGDP,0
PYF_PCPIE,0
PYF_PCPI,0
PYF_NGDP_FY,0
PYF_NGDPPC,0
PYF_LUR,0
PYF_LP,0
PYF_GGX_NGDP,0
PYF_GGXWDN_NGDP,0
PYF_GGX,0
PYF_BCA,0
ATF_PPPPC,0
ATF_PPPGDP,0
ATF_PCPIE,0
ATF_PCPI,0
ATF_NGDP_FY,0
ATF_NGDPPC,0
ATF_LUR,0
ATF_LP,0
ATF_GGX_NGDP,0
ATF_GGXWDN_NGDP,0
ATF_GGX,0
ATF_BCA,0
GAB_PPPPC,32268.753
GAB_PPPGDP,55.55
GAB_PCPIE,144.027
GAB_PCPI,142.667
GAB_NGDP_FY,11296.818
GAB_NGDPPC,6562263.228
GAB_LUR,
GAB_LP,1.721
GAB_GGX_NGDP,24.874
GAB_GGXWDN_NGDP,
GAB_GGX,2809.987
GAB_BCA,-0.58
GMB_PPPPC,2174.237
GMB_PPPGDP,4.934
GMB_PCPIE,506.994
GMB_PCPI,495.642
GMB_NGDP_FY,66.186
GMB_NGDPPC,29165.399
GMB_LUR,
GMB_LP,2.269
GMB_GGX_NGDP,26.118
GMB_GGXWDN_NGDP,66.537
GMB_GGX,17.286
GMB_BCA,-0.098
GEO_PPPPC,11050.327
GEO_PPPGDP,48.289
GEO_PCPIE,337.739
GEO_PCPI,340.703
GEO_NGDP_FY,47.17
GEO_NGDPPC,10794.307
GEO_LUR,14.563
GEO_LP,4.37
GEO_GGX_NGDP,30.56
GEO_GGXWDN_NGDP,
GEO_GGX,14.415
GEO_BCA,-1.381
DEU_PPPPC,54952.032
DEU_PPPGDP,4500.566
DEU_PCPIE,126.154
DEU_PCPI,126.281
DEU_NGDP_FY,3440.555
DEU_NGDPPC,42009.27
DEU_LUR,4.782
DEU_LP,81.9
DEU_GGX_NGDP,43.786
DEU_GGXWDN_NGDP,37.083
DEU_GGX,1506.494
DEU_BCA,276.524
DE_PPPPC,0
DE_PPPGDP,0
DE_PCPIE,0
DE_PCPI,0
DE_NGDP_FY,0
DE_NGDPPC,0
DE_LUR,0
DE_LP,0
DE_GGX_NGDP,0
DE_GGXWDN_NGDP,0
DE_GGX,0
DE_BCA,0
GHA_PPPPC,5517.079
GHA_PPPGDP,168.285
GHA_PCPIE,222.663
GHA_PCPI,214.992
GHA_NGDP_FY,268.625
GHA_NGDPPC,8806.623
GHA_LUR,
GHA_LP,30.503
GHA_GGX_NGDP,22.24
GHA_GGXWDN_NGDP,50.511
GHA_GGX,59.743
GHA_BCA,-2.532
GIB_PPPPC,0
GIB_PPPGDP,0
GIB_PCPIE,0
GIB_PCPI,0
GIB_NGDP_FY,0
GIB_NGDPPC,0
GIB_LUR,0
GIB_LP,0
GIB_GGX_NGDP,0
GIB_GGXWDN_NGDP,0
GIB_GGX,0
GIB_BCA,0
GRC_PPPPC,34594.931
GRC_PPPGDP,377.911
GRC_PCPIE,124.228
GRC_PCPI,126.668
GRC_NGDP_FY,230.591
GRC_NGDPPC,21108.864
GRC_LUR,12.381
GRC_LP,10.924
GRC_GGX_NGDP,39.386
GRC_GGXWDN_NGDP,122.025
GRC_GGX,90.82
GRC_BCA,2.529
GRL_PPPPC,0
GRL_PPPGDP,0
GRL_PCPIE,0
GRL_PCPI,0
GRL_NGDP_FY,0
GRL_NGDPPC,0
GRL_LUR,0
GRL_LP,0
GRL_GGX_NGDP,0
GRL_GGXWDN_NGDP,0
GRL_GGX,0
GRL_BCA,0
GRD_PPPPC,14839.397
GRD_PPPGDP,1.602
GRD_PCPIE,118.228
GRD_PCPI,117.724
GRD_NGDP_FY,3.059
GRD_NGDPPC,28329.172
GRD_LUR,
GRD_LP,0.108
GRD_GGX_NGDP,26.012
GRD_GGXWDN_NGDP,85.178
GRD_GGX,0.796
GRD_BCA,-0.185
GLP_PPPPC,0
GLP_PPPGDP,0
GLP_PCPIE,0
GLP_PCPI,0
GLP_NGDP_FY,0
GLP_NGDPPC,0
GLP_LUR,0
GLP_LP,0
GLP_GGX_NGDP,0
GLP_GGXWDN_NGDP,0
GLP_GGX,0
GLP_BCA,0
GUM_PPPPC,0
GUM_PPPGDP,0
GUM_PCPIE,0
GUM_PCPI,0
GUM_NGDP_FY,0
GUM_NGDPPC,0
GUM_LUR,0
GUM_LP,0
GUM_GGX_NGDP,0
GUM_GGXWDN_NGDP,0
GUM_GGX,0
GUM_BCA,0
GTM_PPPPC,9040.435
GTM_PPPGDP,166.378
GTM_PCPIE,147.099
GTM_PCPI,144.27
GTM_NGDP_FY,728.459
GTM_NGDPPC,39582.036
GTM_LUR,
GTM_LP,18.404
GTM_GGX_NGDP,13.653
GTM_GGXWDN_NGDP,
GTM_GGX,99.453
GTM_BCA,-2.254
GGY_PPPPC,0
GGY_PPPGDP,0
GGY_PCPIE,0
GGY_PCPI,0
GGY_NGDP_FY,0
GGY_NGDPPC,0
GGY_LUR,0
GGY_LP,0
GGY_GGX_NGDP,0
GGY_GGXWDN_NGDP,0
GGY_GGX,0
GGY_BCA,0
GIN_PPPPC,1803.056
GIN_PPPGDP,23.844
GIN_PCPIE,2053.245
GIN_PCPI,1992.12
GIN_NGDP_FY,113771.806
GIN_NGDPPC,8603195.642
GIN_LUR,
GIN_LP,13.224
GIN_GGX_NGDP,22.736
GIN_GGXWDN_NGDP,14.603
GIN_GGX,25867.411
GIN_BCA,-4.589
GNB_PPPPC,1770.496
GNB_PPPGDP,3.522
GNB_PCPIE,119.858
GNB_PCPI,121.525
GNB_NGDP_FY,730.541
GNB_NGDPPC,367279.185
GNB_LUR,
GNB_LP,1.989
GNB_GGX_NGDP,27.011
GNB_GGXWDN_NGDP,
GNB_GGX,197.33
GNB_BCA,-0.027
GUY_PPPPC,9391.902
GUY_PPPGDP,7.646
GUY_PCPIE,138.629
GUY_PCPI,136.386
GUY_NGDP_FY,952.377
GUY_NGDPPC,1169832.243
GUY_LUR,
GUY_LP,0.814
GUY_GGX_NGDP,26.119
GUY_GGXWDN_NGDP,61.421
GUY_GGX,248.756
GUY_BCA,-0.435
HTI_PPPPC,2229.752
HTI_PPPGDP,25.17
HTI_PCPIE,271.677
HTI_PCPI,265.654
HTI_NGDP_FY,663.498
HTI_NGDPPC,58777.467
HTI_LUR,
HTI_LP,11.288
HTI_GGX_NGDP,23.609
HTI_GGXWDN_NGDP,
HTI_GGX,156.642
HTI_BCA,-0.416
HMD_PPPPC,0
HMD_PPPGDP,0
HMD_PCPIE,0
HMD_PCPI,0
HMD_NGDP_FY,0
HMD_NGDPPC,0
HMD_LUR,0
HMD_LP,0
HMD_GGX_NGDP,0
HMD_GGXWDN_NGDP,0
HMD_GGX,0
HMD_BCA,0
VAT_PPPPC,0
VAT_PPPGDP,0
VAT_PCPIE,0
VAT_PCPI,0
VAT_NGDP_FY,0
VAT_NGDPPC,0
VAT_LUR,0
VAT_LP,0
VAT_GGX_NGDP,0
VAT_GGXWDN_NGDP,0
VAT_GGX,0
VAT_BCA,0
HND_PPPPC,5754.393
HND_PPPGDP,53.702
HND_PCPIE,380.846
HND_PCPI,371.651
HND_NGDP_FY,659.121
HND_NGDPPC,70627.652
HND_LUR,4.5
HND_LP,9.332
HND_GGX_NGDP,27.244
HND_GGXWDN_NGDP,
HND_GGX,179.569
HND_BCA,-1.178
HKG_PPPPC,71194.733
HKG_PPPGDP,535.609
HKG_PCPIE,151.104
HKG_PCPI,147.155
HKG_NGDP_FY,3454.604
HKG_NGDPPC,451191.381
HKG_LUR,2.745
HKG_LP,7.523
HKG_GGX_NGDP,16.289
HKG_GGXWDN_NGDP,
HKG_GGX,562.735
HKG_BCA,13.748
HUN_PPPPC,32031.46
HUN_PPPGDP,312.597
HUN_PCPIE,167.666
HUN_PCPI,128.198
HUN_NGDP_FY,42762.155
HUN_NGDPPC,4381787.146
HUN_LUR,6.664
HUN_LP,9.759
HUN_GGX_NGDP,48.862
HUN_GGXWDN_NGDP,68.806
HUN_GGX,20894.562
HUN_BCA,1.985
ISL_PPPPC,54712.314
ISL_PPPGDP,18.738
ISL_PCPIE,269.329
ISL_PCPI,268.119
ISL_NGDP_FY,2754.463
ISL_NGDPPC,8042837.212
ISL_LUR,4.0
ISL_LP,0.342
ISL_GGX_NGDP,40.713
ISL_GGXWDN_NGDP,37.419
ISL_GGX,1121.415
ISL_BCA,0.535
IND_PPPPC,9327.532
IND_PPPGDP,12708.363
IND_PCPIE,342.053
IND_PCPI,339.582
IND_NGDP_FY,259616.847
IND_NGDPPC,190550.463
IND_LUR,
IND_LP,1362.457
IND_GGX_NGDP,26.484
IND_GGXWDN_NGDP,
IND_GGX,68755.636
IND_BCA,-89.647
IDN_PPPPC,15177.483
IDN_PPPGDP,4155.459
IDN_PCPIE,157.31
IDN_PCPI,154.202
IDN_NGDP_FY,20081553.481
IDN_NGDPPC,73346274.685
IDN_LUR,5.5
IDN_LP,273.791
IDN_GGX_NGDP,17.964
IDN_GGXWDN_NGDP,
IDN_GGX,3607365.76
IDN_BCA,-33.849
IRN_PPPPC,19291.56
IRN_PPPGDP,1624.068
IRN_PCPIE,555.245
IRN_PCPI,519.071
IRN_NGDP_FY,29064318.416
IRN_NGDPPC,345241770.729
IRN_LUR,14.824
IRN_LP,84.185
IRN_GGX_NGDP,14.06
IRN_GGXWDN_NGDP,6.308
IRN_GGX,4086366.355
IRN_BCA,0.136
IRQ_PPPPC,20265.916
IRQ_PPPGDP,865.036
IRQ_PCPIE,175.786
IRQ_PCPI,174.257
IRQ_NGDP_FY,354910.965
IRQ_NGDPPC,8314791.344
IRQ_LUR,
IRQ_LP,42.684
IRQ_GGX_NGDP,43.881
IRQ_GGXWDN_NGDP,
IRQ_GGX,155739.234
IRQ_BCA,7.692
IRL_PPPPC,61681.098
IRL_PPPGDP,299.047
IRL_PCPIE,118.165
IRL_PCPI,119.597
IRL_NGDP_FY,239.343
IRL_NGDPPC,49366.583
IRL_LUR,7.059
IRL_LP,4.848
IRL_GGX_NGDP,30.929
IRL_GGXWDN_NGDP,71.73
IRL_GGX,74.027
IRL_BCA,13.694
IMN_PPPPC,0
IMN_PPPGDP,0
IMN_PCPIE,0
IMN_PCPI,0
IMN_NGDP_FY,0
IMN_NGDPPC,0
IMN_LUR,0
IMN_LP,0
IMN_GGX_NGDP,0
IMN_GGXWDN_NGDP,0
IMN_GGX,0
IMN_BCA,0
ISR_PPPPC,38870.768
ISR_PPPGDP,358.138
ISR_PCPIE,111.398
ISR_PCPI,110.311
ISR_NGDP_FY,1449.841
ISR_NGDPPC,157359.326
ISR_LUR,5.523
ISR_LP,9.214
ISR_GGX_NGDP,40.564
ISR_GGXWDN_NGDP,61.166
ISR_GGX,588.108
ISR_BCA,11.872
ITA_PPPPC,40767.647
ITA_PPPGDP,2503.671
ITA_PCPIE,127.176
ITA_PCPI,126.028
ITA_NGDP_FY,1821.08
ITA_NGDPPC,29652.924
ITA_LUR,11.0
ITA_LP,61.413
ITA_GGX_NGDP,48.49
ITA_GGXWDN_NGDP,102.306
ITA_GGX,883.036
ITA_BCA,12.402
JAM_PPPPC,10672.831
JAM_PPPGDP,30.853
JAM_PCPIE,596.723
JAM_PCPI,597.265
JAM_NGDP_FY,2648.712
JAM_NGDPPC,897385.257
JAM_LUR,15.275
JAM_LP,2.891
JAM_GGX_NGDP,23.251
JAM_GGXWDN_NGDP,
JAM_GGX,615.841
JAM_BCA,-0.583
JPN_PPPPC,44405.523
JPN_PPPGDP,5521.726
JPN_PCPIE,111.447
JPN_PCPI,110.816
JPN_NGDP_FY,534397.096
JPN_NGDPPC,4297602.679
JPN_LUR,3.734
JPN_LP,124.348
JPN_GGX_NGDP,39.763
JPN_GGXWDN_NGDP,138.685
JPN_GGX,212490.754
JPN_BCA,114.223
JEY_PPPPC,0
JEY_PPPGDP,0
JEY_PCPIE,0
JEY_PCPI,0
JEY_NGDP_FY,0
JEY_NGDPPC,0
JEY_LUR,0
JEY_LP,0
JEY_GGX_NGDP,0
JEY_GGXWDN_NGDP,0
JEY_GGX,0
JEY_BCA,0
JOR_PPPPC,15005.219
JOR_PPPGDP,114.296
JOR_PCPIE,134.238
JOR_PCPI,132.453
JOR_NGDP_FY,38.206
JOR_NGDPPC,5015.775
JOR_LUR,11.9
JOR_LP,7.617
JOR_GGX_NGDP,29.852
JOR_GGXWDN_NGDP,67.574
JOR_GGX,11.405
JOR_BCA,-2.506
KAZ_PPPPC,30595.427
KAZ_PPPGDP,582.72
KAZ_PCPIE,414.406
KAZ_PCPI,403.935
KAZ_NGDP_FY,63342.113
KAZ_NGDPPC,3325744.608
KAZ_LUR,5.225
KAZ_LP,19.046
KAZ_GGX_NGDP,21.837
KAZ_GGXWDN_NGDP,-13.81
KAZ_GGX,13832.139
KAZ_BCA,-1.159
KEN_PPPPC,4385.175
KEN_PPPGDP,219.931
KEN_PCPIE,366.317
KEN_PCPI,371.864
KEN_NGDP_FY,11340.966
KEN_NGDPPC,226125.801
KEN_LUR,
KEN_LP,50.153
KEN_GGX_NGDP,26.292
KEN_GGXWDN_NGDP,45.312
KEN_GGX,2981.776
KEN_BCA,-7.779
KIR_PPPPC,1970.666
KIR_PPPGDP,0.236
KIR_PCPIE,132.338
KIR_PCPI,131.03
KIR_NGDP_FY,0.243
KIR_NGDPPC,2033.663
KIR_LUR,
KIR_LP,0.12
KIR_GGX_NGDP,74.445
KIR_GGXWDN_NGDP,
KIR_GGX,0.181
KIR_BCA,-0.024
PRK_PPPPC,0
PRK_PPPGDP,0
PRK_PCPIE,0
PRK_PCPI,0
PRK_NGDP_FY,0
PRK_NGDPPC,0
PRK_LUR,0
PRK_LP,0
PRK_GGX_NGDP,0
PRK_GGXWDN_NGDP,0
PRK_GGX,0
PRK_BCA,0
KOR_PPPPC,47134.483
KOR_PPPGDP,2438.75
KOR_PCPIE,129.658
KOR_PCPI,127.742
KOR_NGDP_FY,2074708.125
KOR_NGDPPC,40098533.109
KOR_LUR,3.3
KOR_LP,51.74
KOR_GGX_NGDP,19.857
KOR_GGXWDN_NGDP,37.378
KOR_GGX,411979.417
KOR_BCA,73.371
KWT_PPPPC,78375.527
KWT_PPPGDP,369.599
KWT_PCPIE,217.541
KWT_PCPI,207.741
KWT_NGDP_FY,55.44
KWT_NGDPPC,11756.28
KWT_LUR,2.072
KWT_LP,4.716
KWT_GGX_NGDP,49.987
KWT_GGXWDN_NGDP,
KWT_GGX,27.712
KWT_BCA,28.831
KGZ_PPPPC,4524.562
KGZ_PPPGDP,27.377
KGZ_PCPIE,435.259
KGZ_PCPI,412.676
KGZ_NGDP_FY,750.9
KGZ_NGDPPC,124101.733
KGZ_LUR,7.189
KGZ_LP,6.051
KGZ_GGX_NGDP,34.319
KGZ_GGXWDN_NGDP,
KGZ_GGX,257.705
KGZ_BCA,-0.957
LAO_PPPPC,7635.772
LAO_PPPGDP,58.972
LAO_PCPIE,350.631
LAO_PCPI,320.456
LAO_NGDP_FY,194348.943
LAO_NGDPPC,25901869.481
LAO_LUR,
LAO_LP,7.723
LAO_GGX_NGDP,28.341
LAO_GGXWDN_NGDP,
LAO_GGX,55080.523
LAO_BCA,-2.892
LVA_PPPPC,32990.822
LVA_PPPGDP,65.858
LVA_PCPIE,164.972
LVA_PCPI,164.599
LVA_NGDP_FY,33.315
LVA_NGDPPC,16688.605
LVA_LUR,9.263
LVA_LP,1.996
LVA_GGX_NGDP,33.176
LVA_GGXWDN_NGDP,29.474
LVA_GGX,11.053
LVA_BCA,-0.944
LBN_PPPPC,22733.284
LBN_PPPGDP,108.587
LBN_PCPIE,154.071
LBN_PCPI,153.98
LBN_NGDP_FY,108105.657
LBN_NGDPPC,22632533.689
LBN_LUR,
LBN_LP,4.777
LBN_GGX_NGDP,31.242
LBN_GGXWDN_NGDP,137.404
LBN_GGX,33773.944
LBN_BCA,-10.947
LSO_PPPPC,4129.559
LSO_PPPGDP,8.011
LSO_PCPIE,166.687
LSO_PCPI,162.719
LSO_NGDP_FY,41.935
LSO_NGDPPC,21617.887
LSO_LUR,
LSO_LP,1.94
LSO_GGX_NGDP,59.369
LSO_GGXWDN_NGDP,29.934
LSO_GGX,24.896
LSO_BCA,-0.681
LBR_PPPPC,1244.74
LBR_PPPGDP,6.022
LBR_PCPIE,546.464
LBR_PCPI,536.474
LBR_NGDP_FY,3.586
LBR_NGDPPC,741.242
LBR_LUR,
LBR_LP,4.838
LBR_GGX_NGDP,26.666
LBR_GGXWDN_NGDP,24.646
LBR_GGX,0.956
LBR_BCA,-1.04
LBY_PPPPC,31285.722
LBY_PPPGDP,212.4
LBY_PCPIE,202.596
LBY_PCPI,203.528
LBY_NGDP_FY,107.479
LBY_NGDPPC,15831.315
LBY_LUR,
LBY_LP,6.789
LBY_GGX_NGDP,69.837
LBY_GGXWDN_NGDP,46.044
LBY_GGX,75.06
LBY_BCA,-1.233
LIE_PPPPC,0
LIE_PPPGDP,0
LIE_PCPIE,0
LIE_PCPI,0
LIE_NGDP_FY,0
LIE_NGDPPC,0
LIE_LUR,0
LIE_LP,0
LIE_GGX_NGDP,0
LIE_GGXWDN_NGDP,0
LIE_GGX,0
LIE_BCA,0
LTU_PPPPC,37809.01
LTU_PPPGDP,108.022
LTU_PCPIE,156.621
LTU_PCPI,156.029
LTU_NGDP_FY,50.607
LTU_NGDPPC,17713.118
LTU_LUR,10.5
LTU_LP,2.857
LTU_GGX_NGDP,33.917
LTU_GGXWDN_NGDP,20.137
LTU_GGX,17.165
LTU_BCA,-1.401
LUX_PPPPC,102939.719
LUX_PPPGDP,65.44
LUX_PCPIE,137.626
LUX_PCPI,136.249
LUX_NGDP_FY,59.808
LUX_NGDPPC,94080.43
LUX_LUR,6.189
LUX_LP,0.636
LUX_GGX_NGDP,43.939
LUX_GGXWDN_NGDP,
LUX_GGX,26.279
LUX_BCA,3.032
MAC_PPPPC,0
MAC_PPPGDP,0
MAC_PCPIE,0
MAC_PCPI,0
MAC_NGDP_FY,0
MAC_NGDPPC,0
MAC_LUR,0
MAC_LP,0
MAC_GGX_NGDP,0
MAC_GGXWDN_NGDP,0
MAC_GGX,0
MAC_BCA,0
MDG_PPPPC,1811.301
MDG_PPPGDP,50.351
MDG_PCPIE,504.883
MDG_PCPI,492.782
MDG_NGDP_FY,49021.059
MDG_NGDPPC,1763474.33
MDG_LUR,3.6
MDG_LP,27.798
MDG_GGX_NGDP,17.85
MDG_GGXWDN_NGDP,
MDG_GGX,8750.276
MDG_BCA,-0.588
MWI_PPPPC,1025.51
MWI_PPPGDP,21.406
MWI_PCPIE,1168.253
MWI_PCPI,1099.312
MWI_NGDP_FY,4168.132
MWI_NGDPPC,199689.506
MWI_LUR,
MWI_LP,20.873
MWI_GGX_NGDP,33.055
MWI_GGXWDN_NGDP,27.162
MWI_GGX,1377.773
MWI_BCA,-0.126
MYS_PPPPC,33060.601
MYS_PPPGDP,1106.955
MYS_PCPIE,133.106
MYS_PCPI,131.539
MYS_NGDP_FY,1702.092
MYS_NGDPPC,50835.122
MYS_LUR,3.0
MYS_LP,33.483
MYS_GGX_NGDP,25.782
MYS_GGXWDN_NGDP,
MYS_GGX,438.84
MYS_BCA,7.727
MDV_PPPPC,18842.847
MDV_PPPGDP,7.123
MDV_PCPIE,272.73
MDV_PCPI,216.574
MDV_NGDP_FY,69.657
MDV_NGDPPC,184271.012
MDV_LUR,
MDV_LP,0.378
MDV_GGX_NGDP,41.853
MDV_GGXWDN_NGDP,82.053
MDV_GGX,29.154
MDV_BCA,-0.207
MLI_PPPPC,2167.98
MLI_PPPGDP,41.353
MLI_PCPIE,166.896
MLI_PCPI,166.489
MLI_NGDP_FY,9197.985
MLI_NGDPPC,482219.903
MLI_LUR,
MLI_LP,19.074
MLI_GGX_NGDP,26.863
MLI_GGXWDN_NGDP,32.444
MLI_GGX,2470.852
MLI_BCA,-1.06
MLT_PPPPC,42829.365
MLT_PPPGDP,18.416
MLT_PCPIE,131.517
MLT_PCPI,132.531
MLT_NGDP_FY,10.313
MLT_NGDPPC,23985.646
MLT_LUR,6.5
MLT_LP,0.43
MLT_GGX_NGDP,42.551
MLT_GGXWDN_NGDP,
MLT_GGX,4.388
MLT_BCA,0.415
MHL_PPPPC,3743.536
MHL_PPPGDP,0.224
MHL_PCPIE,169.221
MHL_PCPI,167.698
MHL_NGDP_FY,0.229
MHL_NGDPPC,3833.9
MHL_LUR,
MHL_LP,0.06
MHL_GGX_NGDP,57.435
MHL_GGXWDN_NGDP,
MHL_GGX,0.132
MHL_BCA,-0.023
MTQ_PPPPC,0
MTQ_PPPGDP,0
MTQ_PCPIE,0
MTQ_PCPI,0
MTQ_NGDP_FY,0
MTQ_NGDPPC,0
MTQ_LUR,0
MTQ_LP,0
MTQ_GGX_NGDP,0
MTQ_GGXWDN_NGDP,0
MTQ_GGX,0
MTQ_BCA,0
MRT_PPPPC,5843.227
MRT_PPPGDP,24.372
MRT_PCPIE,196.963
MRT_PCPI,211.488
MRT_NGDP_FY,2580.616
MRT_NGDPPC,618702.535
MRT_LUR,
MRT_LP,4.171
MRT_GGX_NGDP,26.461
MRT_GGXWDN_NGDP,
MRT_GGX,682.852
MRT_BCA,-1.804
MUS_PPPPC,25284.152
MUS_PPPGDP,31.859
MUS_PCPIE,234.053
MUS_PCPI,244.453
MUS_NGDP_FY,567.952
MUS_NGDPPC,467720.572
MUS_LUR,8.134
MUS_LP,1.26
MUS_GGX_NGDP,24.506
MUS_GGXWDN_NGDP,56.299
MUS_GGX,139.18
MUS_BCA,-1.116
MYT_PPPPC,0
MYT_PPPGDP,0
MYT_PCPIE,0
MYT_PCPI,0
MYT_NGDP_FY,0
MYT_NGDPPC,0
MYT_LUR,0
MYT_LP,0
MYT_GGX_NGDP,0
MYT_GGXWDN_NGDP,0
MYT_GGX,0
MYT_BCA,0
MEX_PPPPC,22817.768
MEX_PPPGDP,2924.975
MEX_PCPIE,138.69
MEX_PCPI,135.856
MEX_NGDP_FY,25201.084
MEX_NGDPPC,196593.956
MEX_LUR,3.766
MEX_LP,128.188
MEX_GGX_NGDP,24.745
MEX_GGXWDN_NGDP,43.128
MEX_GGX,6236.044
MEX_BCA,-38.077
FSM_PPPPC,3516.989
FSM_PPPGDP,0.365
FSM_PCPIE,140.386
FSM_PCPI,140.643
FSM_NGDP_FY,0.354
FSM_NGDPPC,3411.999
FSM_LUR,
FSM_LP,0.104
FSM_GGX_NGDP,56.978
FSM_GGXWDN_NGDP,
FSM_GGX,0.202
FSM_BCA,-0.012
MDA_PPPPC,6551.363
MDA_PPPGDP,23.306
MDA_PCPIE,26509.728
MDA_PCPI,57670.061
MDA_NGDP_FY,183.172
MDA_NGDPPC,51490.756
MDA_LUR,4.0
MDA_LP,3.557
MDA_GGX_NGDP,40.704
MDA_GGXWDN_NGDP,58.438
MDA_GGX,74.558
MDA_BCA,-0.39
MCO_PPPPC,0
MCO_PPPGDP,0
MCO_PCPIE,0
MCO_PCPI,0
MCO_NGDP_FY,0
MCO_NGDPPC,0
MCO_LUR,0
MCO_LP,0
MCO_GGX_NGDP,0
MCO_GGXWDN_NGDP,0
MCO_GGX,0
MCO_BCA,0
MNG_PPPPC,16825.655
MNG_PPPGDP,53.823
MNG_PCPIE,231.371
MNG_PCPI,226.117
MNG_NGDP_FY,44300.066
MNG_NGDPPC,13848770.462
MNG_LUR,9.106
MNG_LP,3.199
MNG_GGX_NGDP,29.869
MNG_GGXWDN_NGDP,
MNG_GGX,13232.08
MNG_BCA,-1.032
MNE_PPPPC,19723.218
MNE_PPPGDP,12.454
MNE_PCPIE,280.152
MNE_PCPI,461.92
MNE_NGDP_FY,4.311
MNE_NGDPPC,6827.659
MNE_LUR,
MNE_LP,0.631
MNE_GGX_NGDP,44.162
MNE_GGXWDN_NGDP,
MNE_GGX,1.904
MNE_BCA,-0.938
MSR_PPPPC,0
MSR_PPPGDP,0
MSR_PCPIE,0
MSR_PCPI,0
MSR_NGDP_FY,0
MSR_NGDPPC,0
MSR_LUR,0
MSR_LP,0
MSR_GGX_NGDP,0
MSR_GGXWDN_NGDP,0
MSR_GGX,0
MSR_BCA,0
MAR_PPPPC,10779.049
MAR_PPPGDP,378.474
MAR_PCPIE,128.474
MAR_PCPI,126.701
MAR_NGDP_FY,1383.767
MAR_NGDPPC,39410.101
MAR_LUR,8.535
MAR_LP,35.112
MAR_GGX_NGDP,30.579
MAR_GGXWDN_NGDP,58.229
MAR_GGX,423.138
MAR_BCA,-4.138
MOZ_PPPPC,1864.989
MOZ_PPPGDP,56.981
MOZ_PCPIE,268.814
MOZ_PCPI,268.907
MOZ_NGDP_FY,1231.683
MOZ_NGDPPC,40312.998
MOZ_LUR,
MOZ_LP,30.553
MOZ_GGX_NGDP,31.71
MOZ_GGXWDN_NGDP,
MOZ_GGX,390.567
MOZ_BCA,-13.111
MMR_PPPPC,7959.21
MMR_PPPGDP,427.585
MMR_PCPIE,2808.074
MMR_PCPI,2777.307
MMR_NGDP_FY,143368.243
MMR_NGDPPC,2668704.94
MMR_LUR,4.0
MMR_LP,53.722
MMR_GGX_NGDP,32.64
MMR_GGXWDN_NGDP,
MMR_GGX,46794.869
MMR_BCA,-6.243
NAM_PPPPC,15786.613
NAM_PPPGDP,36.341
NAM_PCPIE,155.101
NAM_PCPI,152.456
NAM_NGDP_FY,286.27
NAM_NGDPPC,120847.7
NAM_LUR,
NAM_LP,2.302
NAM_GGX_NGDP,37.188
NAM_GGXWDN_NGDP,32.801
NAM_GGX,106.458
NAM_BCA,-1.997
NRU_PPPPC,0
NRU_PPPGDP,0
NRU_PCPIE,0
NRU_PCPI,0
NRU_NGDP_FY,0
NRU_NGDPPC,0
NRU_LUR,0
NRU_LP,0
NRU_GGX_NGDP,0
NRU_GGXWDN_NGDP,0
NRU_GGX,0
NRU_BCA,0
NPL_PPPPC,3237.907
NPL_PPPGDP,97.467
NPL_PCPIE,292.234
NPL_PCPI,283.984
NPL_NGDP_FY,3595.257
NPL_NGDPPC,119436.698
NPL_LUR,
NPL_LP,30.102
NPL_GGX_NGDP,22.325
NPL_GGXWDN_NGDP,
NPL_GGX,802.636
NPL_BCA,-0.591
NLD_PPPPC,57309.531
NLD_PPPGDP,981.161
NLD_PCPIE,123.812
NLD_PCPI,124.121
NLD_NGDP_FY,763.707
NLD_NGDPPC,44608.053
NLD_LUR,5.637
NLD_LP,17.12
NLD_GGX_NGDP,43.271
NLD_GGXWDN_NGDP,32.106
NLD_GGX,330.462
NLD_BCA,83.323
NCL_PPPPC,0
NCL_PPPGDP,0
NCL_PCPIE,0
NCL_PCPI,0
NCL_NGDP_FY,0
NCL_NGDPPC,0
NCL_LUR,0
NCL_LP,0
NCL_GGX_NGDP,0
NCL_GGXWDN_NGDP,0
NCL_GGX,0
NCL_BCA,0
NZL_PPPPC,43282.376
NZL_PPPGDP,205.53
NZL_PCPIE,154.152
NZL_PCPI,155.831
NZL_NGDP_FY,315.105
NZL_NGDPPC,66357.679
NZL_LUR,5.079
NZL_LP,4.749
NZL_GGX_NGDP,32.058
NZL_GGXWDN_NGDP,18.617
NZL_GGX,101.017
NZL_BCA,-11.023
NIC_PPPPC,6233.264
NIC_PPPGDP,41.767
NIC_PCPIE,279.205
NIC_PCPI,270.629
NIC_NGDP_FY,573.578
NIC_NGDPPC,85599.866
NIC_LUR,3.027
NIC_LP,6.701
NIC_GGX_NGDP,25.362
NIC_GGXWDN_NGDP,
NIC_GGX,145.471
NIC_BCA,-1.108
NER_PPPPC,1437.95
NER_PPPGDP,29.56
NER_PCPIE,150.439
NER_PCPI,149.308
NER_NGDP_FY,6518.835
NER_NGDPPC,317113.091
NER_LUR,
NER_LP,20.557
NER_GGX_NGDP,31.112
NER_GGXWDN_NGDP,3.453
NER_GGX,2028.11
NER_BCA,-1.223
NGA_PPPPC,7786.494
NGA_PPPGDP,1593.774
NGA_PCPIE,267.999
NGA_PCPI,259.233
NGA_NGDP_FY,186330.118
NGA_NGDPPC,910329.059
NGA_LUR,23.9
NGA_LP,204.684
NGA_GGX_NGDP,10.737
NGA_GGXWDN_NGDP,10.042
NGA_GGX,20006.005
NGA_BCA,3.883
NIU_PPPPC,0
NIU_PPPGDP,0
NIU_PCPIE,0
NIU_PCPI,0
NIU_NGDP_FY,0
NIU_NGDPPC,0
NIU_LUR,0
NIU_LP,0
NIU_GGX_NGDP,0
NIU_GGXWDN_NGDP,0
NIU_GGX,0
NIU_BCA,0
NFK_PPPPC,0
NFK_PPPGDP,0
NFK_PCPIE,0
NFK_PCPI,0
NFK_NGDP_FY,0
NFK_NGDPPC,0
NFK_LUR,0
NFK_LP,0
NFK_GGX_NGDP,0
NFK_GGXWDN_NGDP,0
NFK_GGX,0
NFK_BCA,0
MNP_PPPPC,0
MNP_PPPGDP,0
MNP_PCPIE,0
MNP_PCPI,0
MNP_NGDP_FY,0
MNP_NGDPPC,0
MNP_LUR,0
MNP_LP,0
MNP_GGX_NGDP,0
MNP_GGXWDN_NGDP,0
MNP_GGX,0
MNP_BCA,0
NOR_PPPPC,77071.507
NOR_PPPGDP,424.377
NOR_PCPIE,121.923
NOR_PCPI,122.38
NOR_NGDP_FY,3955.534
NOR_NGDPPC,718368.445
NOR_LUR,3.6
NOR_LP,5.506
NOR_GGX_NGDP,46.197
NOR_GGXWDN_NGDP,-245.023
NOR_GGX,1827.343
NOR_BCA,24.194
OMN_PPPPC,42183.966
OMN_PPPGDP,207.882
OMN_PCPIE,171.291
OMN_PCPI,177.272
OMN_NGDP_FY,31.316
OMN_NGDPPC,6354.705
OMN_LUR,
OMN_LP,4.928
OMN_GGX_NGDP,50.677
OMN_GGXWDN_NGDP,
OMN_GGX,15.87
OMN_BCA,-7.536
PAK_PPPPC,6217.092
PAK_PPPGDP,1298.277
PAK_PCPIE,258.485
PAK_PCPI,252.183
PAK_NGDP_FY,44780.088
PAK_NGDPPC,214439.615
PAK_LUR,5.022
PAK_LP,208.824
PAK_GGX_NGDP,18.615
PAK_GGXWDN_NGDP,55.567
PAK_GGX,8335.775
PAK_BCA,-3.096
PLW_PPPPC,19507.526
PLW_PPPGDP,0.367
PLW_PCPIE,131.347
PLW_PCPI,134.806
PLW_NGDP_FY,0.343
PLW_NGDPPC,18261.474
PLW_LUR,
PLW_LP,0.019
PLW_GGX_NGDP,38.856
PLW_GGXWDN_NGDP,
PLW_GGX,0.133
PLW_BCA,-0.011
PSE_PPPPC,0
PSE_PPPGDP,0
PSE_PCPIE,0
PSE_PCPI,0
PSE_NGDP_FY,0
PSE_NGDPPC,0
PSE_LUR,0
PSE_LP,0
PSE_GGX_NGDP,0
PSE_GGXWDN_NGDP,0
PSE_GGX,0
PSE_BCA,0
PAN_PPPPC,27888.221
PAN_PPPGDP,123.358
PAN_PCPIE,198.95
PAN_PCPI,195.571
PAN_NGDP_FY,71.899
PAN_NGDPPC,16254.594
PAN_LUR,4.098
PAN_LP,4.423
PAN_GGX_NGDP,24.659
PAN_GGXWDN_NGDP,36.474
PAN_GGX,17.73
PAN_BCA,-4.248
PNG_PPPPC,3248.118
PNG_PPPGDP,28.364
PNG_PCPIE,742.045
PNG_PCPI,748.314
PNG_NGDP_FY,73.471
PNG_NGDPPC,8413.74
PNG_LUR,
PNG_LP,8.732
PNG_GGX_NGDP,25.789
PNG_GGXWDN_NGDP,
PNG_GGX,18.947
PNG_BCA,1.08
PRY_PPPPC,10713.538
PRY_PPPGDP,81.759
PRY_PCPIE,180.363
PRY_PCPI,176.48
PRY_NGDP_FY,214277.368
PRY_NGDPPC,28078634.729
PRY_LUR,5.5
PRY_LP,7.631
PRY_GGX_NGDP,25.598
PRY_GGXWDN_NGDP,
PRY_GGX,54850.918
PRY_BCA,-0.655
PER_PPPPC,15747.788
PER_PPPGDP,542.649
PER_PCPIE,131.624
PER_PCPI,130.733
PER_NGDP_FY,840.602
PER_NGDPPC,24394.43
PER_LUR,6.0
PER_LP,34.459
PER_GGX_NGDP,21.695
PER_GGXWDN_NGDP,8.094
PER_GGX,182.369
PER_BCA,-7.837
PHL_PPPPC,9829.773
PHL_PPPGDP,1100.727
PHL_PCPIE,172.101
PHL_PCPI,169.414
PHL_NGDP_FY,22005.869
PHL_NGDPPC,196517.944
PHL_LUR,5.6
PHL_LP,111.979
PHL_GGX_NGDP,20.39
PHL_GGXWDN_NGDP,
PHL_GGX,4486.923
PHL_BCA,15.281
PCN_PPPPC,0
PCN_PPPGDP,0
PCN_PCPIE,0
PCN_PCPI,0
PCN_NGDP_FY,0
PCN_NGDPPC,0
PCN_LUR,0
PCN_LP,0
PCN_GGX_NGDP,0
PCN_GGXWDN_NGDP,0
PCN_GGX,0
PCN_BCA,0
POL_PPPPC,34406.365
POL_PPPGDP,1306.513
POL_PCPIE,184.474
POL_PCPI,185.386
POL_NGDP_FY,2347.294
POL_NGDPPC,61814.791
POL_LUR,7.487
POL_LP,37.973
POL_GGX_NGDP,41.183
POL_GGXWDN_NGDP,25.095
POL_GGX,966.686
POL_BCA,-23.388
PRT_PPPPC,32313.853
PRT_PPPGDP,337.394
PRT_PCPIE,124.825
PRT_PCPI,126.383
PRT_NGDP_FY,202.985
PRT_NGDPPC,19440.825
PRT_LUR,10.775
PRT_LP,10.441
PRT_GGX_NGDP,46.976
PRT_GGXWDN_NGDP,116.384
PRT_GGX,95.354
PRT_BCA,0.288
PRI_PPPPC,0
PRI_PPPGDP,0
PRI_PCPIE,0
PRI_PCPI,0
PRI_NGDP_FY,0
PRI_NGDPPC,0
PRI_LUR,0
PRI_LP,0
PRI_GGX_NGDP,0
PRI_GGXWDN_NGDP,0
PRI_GGX,0
PRI_BCA,0
QAT_PPPPC,174375.449
QAT_PPPGDP,484.828
QAT_PCPIE,283.714
QAT_PCPI,292.584
QAT_NGDP_FY,998.213
QAT_NGDPPC,353267.739
QAT_LUR,
QAT_LP,2.78
QAT_GGX_NGDP,29.686
QAT_GGXWDN_NGDP,4.816
QAT_GGX,296.331
QAT_BCA,10.16
MKD_PPPPC,18511.968
MKD_PPPGDP,38.695
MKD_PCPIE,121.876
MKD_PCPI,120.478
MKD_NGDP_FY,752.971
MKD_NGDPPC,360228.435
MKD_LUR,23.014
MKD_LP,2.09
MKD_GGX_NGDP,30.73
MKD_GGXWDN_NGDP,39.946
MKD_GGX,231.39
MKD_BCA,-0.363
ROU_PPPPC,27322.593
ROU_PPPGDP,528.299
ROU_PCPIE,132.11
ROU_PCPI,131.283
ROU_NGDP_FY,943.206
ROU_NGDPPC,48780.776
ROU_LUR,6.502
ROU_LP,19.336
ROU_GGX_NGDP,32.184
ROU_GGXWDN_NGDP,
ROU_GGX,303.563
ROU_BCA,-9.743
RUS_PPPPC,27666.971
RUS_PPPGDP,3975.744
RUS_PCPIE,1796.068
RUS_PCPI,1903.851
RUS_NGDP_FY,109457.429
RUS_NGDPPC,761707.928
RUS_LUR,6.0
RUS_LP,143.7
RUS_GGX_NGDP,34.293
RUS_GGXWDN_NGDP,
RUS_GGX,37536.103
RUS_BCA,89.042
RWA_PPPPC,2473.446
RWA_PPPGDP,31.991
RWA_PCPIE,295.58
RWA_PCPI,293.207
RWA_NGDP_FY,11047.071
RWA_NGDPPC,854117.68
RWA_LUR,
RWA_LP,12.934
RWA_GGX_NGDP,25.148
RWA_GGXWDN_NGDP,
RWA_GGX,2778.132
RWA_BCA,-1.343
REU_PPPPC,0
REU_PPPGDP,0
REU_PCPIE,0
REU_PCPI,0
REU_NGDP_FY,0
REU_NGDPPC,0
REU_LUR,0
REU_LP,0
REU_GGX_NGDP,0
REU_GGXWDN_NGDP,0
REU_GGX,0
REU_BCA,0
BLM_PPPPC,0
BLM_PPPGDP,0
BLM_PCPIE,0
BLM_PCPI,0
BLM_NGDP_FY,0
BLM_NGDPPC,0
BLM_LUR,0
BLM_LP,0
BLM_GGX_NGDP,0
BLM_GGXWDN_NGDP,0
BLM_GGX,0
BLM_BCA,0
SHN_PPPPC,0
SHN_PPPGDP,0
SHN_PCPIE,0
SHN_PCPI,0
SHN_NGDP_FY,0
SHN_NGDPPC,0
SHN_LUR,0
SHN_LP,0
SHN_GGX_NGDP,0
SHN_GGXWDN_NGDP,0
SHN_GGX,0
SHN_BCA,0
KNA_PPPPC,24478.029
KNA_PPPGDP,1.644
KNA_PCPIE,127.452
KNA_PCPI,126.012
KNA_NGDP_FY,3.043
KNA_NGDPPC,45304.492
KNA_LUR,
KNA_LP,0.067
KNA_GGX_NGDP,28.812
KNA_GGXWDN_NGDP,
KNA_GGX,0.877
KNA_BCA,-0.17
LCA_PPPPC,13899.485
LCA_PPPGDP,2.452
LCA_PCPIE,136.12
LCA_PCPI,135.089
LCA_NGDP_FY,4.734
LCA_NGDPPC,26524.49
LCA_LUR,
LCA_LP,0.176
LCA_GGX_NGDP,33.119
LCA_GGXWDN_NGDP,
LCA_GGX,1.568
LCA_BCA,-0.26
MAF_PPPPC,0
MAF_PPPGDP,0
MAF_PCPIE,0
MAF_PCPI,0
MAF_NGDP_FY,0
MAF_NGDPPC,0
MAF_LUR,0
MAF_LP,0
MAF_GGX_NGDP,0
MAF_GGXWDN_NGDP,0
MAF_GGX,0
MAF_BCA,0
SPM_PPPPC,0
SPM_PPPGDP,0
SPM_PCPIE,0
SPM_PCPI,0
SPM_NGDP_FY,0
SPM_NGDPPC,0
SPM_LUR,0
SPM_LP,0
SPM_GGX_NGDP,0
SPM_GGXWDN_NGDP,0
SPM_GGX,0
SPM_BCA,0
VCT_PPPPC,14174.978
VCT_PPPGDP,1.567
VCT_PCPIE,117.715
VCT_PCPI,116.37
VCT_NGDP_FY,2.56
VCT_NGDPPC,23160.726
VCT_LUR,
VCT_LP,0.111
VCT_GGX_NGDP,28.857
VCT_GGXWDN_NGDP,69.152
VCT_GGX,0.739
VCT_BCA,-0.174
WSM_PPPPC,5911.288
WSM_PPPGDP,1.189
WSM_PCPIE,216.305
WSM_PCPI,220.007
WSM_NGDP_FY,2.32
WSM_NGDPPC,11537.235
WSM_LUR,
WSM_LP,0.201
WSM_GGX_NGDP,30.211
WSM_GGXWDN_NGDP,
WSM_GGX,0.701
WSM_BCA,-0.046
SMR_PPPPC,72574.884
SMR_PPPGDP,2.272
SMR_PCPIE,138.203
SMR_PCPI,136.781
SMR_NGDP_FY,1.555
SMR_NGDPPC,49671.706
SMR_LUR,5.439
SMR_LP,0.031
SMR_GGX_NGDP,22.995
SMR_GGXWDN_NGDP,
SMR_GGX,0.358
SMR_BCA,
STP_PPPPC,4212.357
STP_PPPGDP,0.957
STP_PCPIE,832.091
STP_PCPI,817.763
STP_NGDP_FY,10624.017
STP_NGDPPC,46763724.405
STP_LUR,10.837
STP_LP,0.227
STP_GGX_NGDP,34.29
STP_GGXWDN_NGDP,
STP_GGX,3642.992
STP_BCA,-0.056
SAU_PPPPC,61664.453
SAU_PPPGDP,2136.824
SAU_PCPIE,153.852
SAU_PCPI,152.159
SAU_NGDP_FY,3382.771
SAU_NGDPPC,97619.984
SAU_LUR,5.548
SAU_LP,34.652
SAU_GGX_NGDP,38.242
SAU_GGXWDN_NGDP,-34.156
SAU_GGX,1293.649
SAU_BCA,48.386
SEN_PPPPC,3044.632
SEN_PPPGDP,52.66
SEN_PCPIE,113.844
SEN_PCPI,112.954
SEN_NGDP_FY,12448.332
SEN_NGDPPC,719726.856
SEN_LUR,
SEN_LP,17.296
SEN_GGX_NGDP,26.845
SEN_GGXWDN_NGDP,
SEN_GGX,3341.801
SEN_BCA,-1.535
SRB_PPPPC,16984.611
SRB_PPPGDP,121.68
SRB_PCPIE,224.207
SRB_PCPI,224.126
SRB_NGDP_FY,5577.005
SRB_NGDPPC,778462.052
SRB_LUR,20.909
SRB_LP,7.164
SRB_GGX_NGDP,39.263
SRB_GGXWDN_NGDP,69.075
SRB_GGX,2189.675
SRB_BCA,-2.122
SYC_PPPPC,32843.869
SYC_PPPGDP,3.304
SYC_PCPIE,257.103
SYC_PCPI,254.401
SYC_NGDP_FY,26.25
SYC_NGDPPC,260901.147
SYC_LUR,6.684
SYC_LP,0.101
SYC_GGX_NGDP,31.3
SYC_GGXWDN_NGDP,26.402
SYC_GGX,8.216
SYC_BCA,-0.27
SLE_PPPPC,2494.284
SLE_PPPGDP,17.196
SLE_PCPIE,3430.088
SLE_PCPI,3340.844
SLE_NGDP_FY,45648.968
SLE_NGDPPC,6621550.349
SLE_LUR,
SLE_LP,6.894
SLE_GGX_NGDP,19.453
SLE_GGXWDN_NGDP,0.0
SLE_GGX,8880.088
SLE_BCA,-0.473
SGP_PPPPC,106048.648
SGP_PPPGDP,604.809
SGP_PCPIE,110.23
SGP_PCPI,109.355
SGP_NGDP_FY,497.891
SGP_NGDPPC,93903.516
SGP_LUR,2.0
SGP_LP,5.703
SGP_GGX_NGDP,20.939
SGP_GGXWDN_NGDP,
SGP_GGX,104.253
SGP_BCA,56.575
SXM_PPPPC,0
SXM_PPPGDP,0
SXM_PCPIE,0
SXM_PCPI,0
SXM_NGDP_FY,0
SXM_NGDPPC,0
SXM_LUR,0
SXM_LP,0
SXM_GGX_NGDP,0
SXM_GGXWDN_NGDP,0
SXM_GGX,0
SXM_BCA,0
SVK_PPPPC,37276.885
SVK_PPPGDP,203.402
SVK_PCPIE,135.262
SVK_PCPI,134.223
SVK_NGDP_FY,97.353
SVK_NGDPPC,17841.528
SVK_LUR,10.327
SVK_LP,5.457
SVK_GGX_NGDP,39.214
SVK_GGXWDN_NGDP,
SVK_GGX,38.175
SVK_BCA,2.571
SVN_PPPPC,36547.696
SVN_PPPGDP,75.826
SVN_PCPIE,133.427
SVN_PCPI,131.023
SVN_NGDP_FY,44.307
SVN_NGDPPC,21355.66
SVN_LUR,5.884
SVN_LP,2.075
SVN_GGX_NGDP,44.711
SVN_GGXWDN_NGDP,
SVN_GGX,19.81
SVN_BCA,2.398
SLB_PPPPC,2251.214
SLB_PPPGDP,1.475
SLB_PCPIE,245.674
SLB_PCPI,237.526
SLB_NGDP_FY,13.567
SLB_NGDPPC,20708.989
SLB_LUR,
SLB_LP,0.655
SLB_GGX_NGDP,41.559
SLB_GGXWDN_NGDP,5.133
SLB_GGX,5.638
SLB_BCA,-0.143
SOM_PPPPC,0
SOM_PPPGDP,0
SOM_PCPIE,0
SOM_PCPI,0
SOM_NGDP_FY,0
SOM_NGDPPC,0
SOM_LUR,0
SOM_LP,0
SOM_GGX_NGDP,0
SOM_GGXWDN_NGDP,0
SOM_GGX,0
SOM_BCA,0
ZAF_PPPPC,15253.512
ZAF_PPPGDP,905.474
ZAF_PCPIE,152.981
ZAF_PCPI,150.727
ZAF_NGDP_FY,6088.161
ZAF_NGDPPC,102560.461
ZAF_LUR,24.176
ZAF_LP,59.362
ZAF_GGX_NGDP,31.993
ZAF_GGXWDN_NGDP,47.106
ZAF_GGX,1947.769
ZAF_BCA,-17.124
SGS_PPPPC,0
SGS_PPPGDP,0
SGS_PCPIE,0
SGS_PCPI,0
SGS_NGDP_FY,0
SGS_NGDPPC,0
SGS_LUR,0
SGS_LP,0
SGS_GGX_NGDP,0
SGS_GGXWDN_NGDP,0
SGS_GGX,0
SGS_BCA,0
SSD_PPPPC,3019.568
SSD_PPPGDP,39.649
SSD_PCPIE,217.81
SSD_PCPI,259.559
SSD_NGDP_FY,89.462
SSD_NGDPPC,6813.167
SSD_LUR,
SSD_LP,13.131
SSD_GGX_NGDP,32.643
SSD_GGXWDN_NGDP,26.707
SSD_GGX,29.203
SSD_BCA,-1.5
ESP_PPPPC,42314.635
ESP_PPPGDP,1949.097
ESP_PCPIE,127.893
ESP_PCPI,126.598
ESP_NGDP_FY,1246.5
ESP_NGDPPC,27061.345
ESP_LUR,16.849
ESP_LP,46.062
ESP_GGX_NGDP,39.622
ESP_GGXWDN_NGDP,68.449
ESP_GGX,493.883
ESP_BCA,16.636
LKA_PPPPC,16131.95
LKA_PPPGDP,352.288
LKA_PCPIE,234.329
LKA_PCPI,228.449
LKA_NGDP_FY,18100.2
LKA_NGDPPC,828842.291
LKA_LUR,4.0
LKA_LP,21.838
LKA_GGX_NGDP,21.093
LKA_GGXWDN_NGDP,
LKA_GGX,3817.839
LKA_BCA,-3.682
SDN_PPPPC,5212.839
SDN_PPPGDP,231.166
SDN_PCPIE,712.656
SDN_PCPI,716.037
SDN_NGDP_FY,924.359
SDN_NGDPPC,20844.506
SDN_LUR,11.597
SDN_LP,44.345
SDN_GGX_NGDP,12.52
SDN_GGXWDN_NGDP,
SDN_GGX,115.734
SDN_BCA,-3.214
SUR_PPPPC,22249.672
SUR_PPPGDP,12.944
SUR_PCPIE,401.063
SUR_PCPI,394.731
SUR_NGDP_FY,26.3
SUR_NGDPPC,45207.18
SUR_LUR,8.928
SUR_LP,0.582
SUR_GGX_NGDP,23.699
SUR_GGXWDN_NGDP,
SUR_GGX,6.233
SUR_BCA,-0.028
SJM_PPPPC,0
SJM_PPPGDP,0
SJM_PCPIE,0
SJM_PCPI,0
SJM_NGDP_FY,0
SJM_NGDPPC,0
SJM_LUR,0
SJM_LP,0
SJM_GGX_NGDP,0
SJM_GGXWDN_NGDP,0
SJM_GGX,0
SJM_BCA,0
SWE_PPPPC,56584.185
SWE_PPPGDP,580.23
SWE_PCPIE,111.014
SWE_PCPI,110.074
SWE_NGDP_FY,5081.143
SWE_NGDPPC,495514.761
SWE_LUR,7.3
SWE_LP,10.254
SWE_GGX_NGDP,48.699
SWE_GGXWDN_NGDP,-15.07
SWE_GGX,2474.49
SWE_BCA,37.858
CHE_PPPPC,68190.526
CHE_PPPGDP,575.356
CHE_PCPIE,101.087
CHE_PCPI,100.627
CHE_NGDP_FY,709.691
CHE_NGDPPC,84111.837
CHE_LUR,3.2
CHE_LP,8.437
CHE_GGX_NGDP,31.344
CHE_GGXWDN_NGDP,20.252
CHE_GGX,222.446
CHE_BCA,40.905
SYR_PPPPC,6374.903
SYR_PPPGDP,136.377
SYR_PCPIE,182.132
SYR_PCPI,174.059
SYR_NGDP_FY,2791.775
SYR_NGDPPC,130500.585
SYR_LUR,8.613
SYR_LP,21.393
SYR_GGX_NGDP,28.638
SYR_GGXWDN_NGDP,18.807
SYR_GGX,799.504
SYR_BCA,-1.707
TWN_PPPPC,63767.518
TWN_PPPGDP,1517.568
TWN_PCPIE,113.249
TWN_PCPI,114.015
TWN_NGDP_FY,20178.288
TWN_NGDPPC,847882.717
TWN_LUR,3.96
TWN_LP,23.798
TWN_GGX_NGDP,17.561
TWN_GGXWDN_NGDP,
TWN_GGX,3543.427
TWN_BCA,76.55
TJK_PPPPC,3434.389
TJK_PPPGDP,32.3
TJK_PCPIE,1209.232
TJK_PCPI,1726.751
TJK_NGDP_FY,92.148
TJK_NGDPPC,9797.904
TJK_LUR,
TJK_LP,9.405
TJK_GGX_NGDP,30.03
TJK_GGXWDN_NGDP,
TJK_GGX,27.672
TJK_BCA,-0.438
TZA_PPPPC,3722.652
TZA_PPPGDP,211.873
TZA_PCPIE,369.026
TZA_PCPI,369.11
TZA_NGDP_FY,154710.368
TZA_NGDPPC,2718288.908
TZA_LUR,
TZA_LP,56.915
TZA_GGX_NGDP,20.479
TZA_GGXWDN_NGDP,
TZA_GGX,31683.794
TZA_BCA,-6.214
THA_PPPPC,19886.906
THA_PPPGDP,1378.263
THA_PCPIE,120.909
THA_PCPI,120.154
THA_NGDP_FY,16813.478
THA_NGDPPC,246053.702
THA_LUR,0.7
THA_LP,69.305
THA_GGX_NGDP,25.04
THA_GGXWDN_NGDP,
THA_GGX,4210.027
THA_BCA,3.436
TLS_PPPPC,3308.181
TLS_PPPGDP,4.873
TLS_PCPIE,131.12
TLS_PCPI,130.223
TLS_NGDP_FY,3.84
TLS_NGDPPC,2606.798
TLS_LUR,
TLS_LP,1.473
TLS_GGX_NGDP,41.66
TLS_GGXWDN_NGDP,
TLS_GGX,1.6
TLS_BCA,-0.144
TGO_PPPPC,1963.176
TGO_PPPGDP,16.059
TGO_PCPIE,132.734
TGO_PCPI,132.329
TGO_NGDP_FY,3722.782
TGO_NGDPPC,455095.976
TGO_LUR,
TGO_LP,8.18
TGO_GGX_NGDP,26.307
TGO_GGXWDN_NGDP,
TGO_GGX,979.338
TGO_BCA,-0.578
TKL_PPPPC,0
TKL_PPPGDP,0
TKL_PCPIE,0
TKL_PCPI,0
TKL_NGDP_FY,0
TKL_NGDPPC,0
TKL_LUR,0
TKL_LP,0
TKL_GGX_NGDP,0
TKL_GGXWDN_NGDP,0
TKL_GGX,0
TKL_BCA,0
TON_PPPPC,5974.763
TON_PPPGDP,0.63
TON_PCPIE,126.119
TON_PCPI,124.288
TON_NGDP_FY,1.047
TON_NGDPPC,10021.949
TON_LUR,
TON_LP,0.106
TON_GGX_NGDP,26.784
TON_GGXWDN_NGDP,
TON_GGX,0.28
TON_BCA,-0.005
TTO_PPPPC,38184.595
TTO_PPPGDP,53.148
TTO_PCPIE,330.584
TTO_PCPI,343.792
TTO_NGDP_FY,244.858
TTO_NGDPPC,178357.899
TTO_LUR,4.0
TTO_LP,1.392
TTO_GGX_NGDP,35.229
TTO_GGXWDN_NGDP,37.667
TTO_GGX,86.262
TTO_BCA,1.505
TUN_PPPPC,15204.248
TUN_PPPGDP,177.728
TUN_PCPIE,157.666
TUN_PCPI,154.658
TUN_NGDP_FY,134.824
TUN_NGDPPC,11533.953
TUN_LUR,12.0
TUN_LP,11.689
TUN_GGX_NGDP,26.707
TUN_GGXWDN_NGDP,
TUN_GGX,36.008
TUN_BCA,-1.603
TUR_PPPPC,25161.228
TUR_PPPGDP,2055.647
TUR_PCPIE,354.778
TUR_PCPI,347.04
TUR_NGDP_FY,3085.409
TUR_NGDPPC,37765.562
TUR_LUR,11.0
TUR_LP,81.699
TUR_GGX_NGDP,36.318
TUR_GGXWDN_NGDP,27.28
TUR_GGX,1120.567
TUR_BCA,-50.807
TKM_PPPPC,23494.652
TKM_PPPGDP,149.77
TKM_PCPIE,520.015
TKM_PCPI,547.91
TKM_NGDP_FY,296.638
TKM_NGDPPC,46526.917
TKM_LUR,
TKM_LP,6.375
TKM_GGX_NGDP,12.631
TKM_GGXWDN_NGDP,
TKM_GGX,37.469
TKM_BCA,2.623
TCA_PPPPC,0
TCA_PPPGDP,0
TCA_PCPIE,0
TCA_PCPI,0
TCA_NGDP_FY,0
TCA_NGDPPC,0
TCA_LUR,0
TCA_LP,0
TCA_GGX_NGDP,0
TCA_GGXWDN_NGDP,0
TCA_GGX,0
TCA_BCA,0
TUV_PPPPC,4013.038
TUV_PPPGDP,0.044
TUV_PCPIE,172.7
TUV_PCPI,170.017
TUV_NGDP_FY,0.053
TUV_NGDPPC,4815.768
TUV_LUR,
TUV_LP,0.011
TUV_GGX_NGDP,84.246
TUV_GGXWDN_NGDP,
TUV_GGX,0.045
TUV_BCA,-0.002
UGA_PPPPC,2645.827
UGA_PPPGDP,120.387
UGA_PCPIE,292.042
UGA_PCPI,287.549
UGA_NGDP_FY,129345.281
UGA_NGDPPC,2842709.425
UGA_LUR,
UGA_LP,45.501
UGA_GGX_NGDP,20.926
UGA_GGXWDN_NGDP,
UGA_GGX,27066.826
UGA_BCA,-3.382
UKR_PPPPC,10935.051
UKR_PPPGDP,461.882
UKR_PCPIE,72298969.535
UKR_PCPI,70802739.082
UKR_NGDP_FY,3193.987
UKR_NGDPPC,75617.651
UKR_LUR,7.989
UKR_LP,42.239
UKR_GGX_NGDP,42.497
UKR_GGXWDN_NGDP,70.095
UKR_GGX,1357.354
UKR_BCA,-3.112
ARE_PPPPC,74181.051
ARE_PPPGDP,821.732
ARE_PCPIE,300.667
ARE_PCPI,297.273
ARE_NGDP_FY,1844.544
ARE_NGDPPC,166514.491
ARE_LUR,
ARE_LP,11.077
ARE_GGX_NGDP,25.373
ARE_GGXWDN_NGDP,-218.923
ARE_GGX,468.018
ARE_BCA,33.359
GBR_PPPPC,48270.501
GBR_PPPGDP,3240.196
GBR_PCPIE,142.222
GBR_PCPI,141.047
GBR_NGDP_FY,2256.911
GBR_NGDPPC,33622.104
GBR_LUR,5.4
GBR_LP,67.126
GBR_GGX_NGDP,36.408
GBR_GGXWDN_NGDP,74.664
GBR_GGX,821.7
GBR_BCA,-122.818
UMI_PPPPC,0
UMI_PPPGDP,0
UMI_PCPIE,0
UMI_PCPI,0
UMI_NGDP_FY,0
UMI_NGDPPC,0
UMI_LUR,0
UMI_LP,0
UMI_GGX_NGDP,0
UMI_GGXWDN_NGDP,0
UMI_GGX,0
UMI_BCA,0
USA_PPPPC,67697.197
USA_PPPGDP,22488.616
USA_PCPIE,267.33
USA_PCPI,264.279
USA_NGDP_FY,22488.616
USA_NGDPPC,67697.197
USA_LUR,4.843
USA_LP,332.194
USA_GGX_NGDP,35.396
USA_GGXWDN_NGDP,82.064
USA_GGX,7960.115
USA_BCA,-592.302
US_PPPPC,0
US_PPPGDP,0
US_PCPIE,0
US_PCPI,0
US_NGDP_FY,0
US_NGDPPC,0
US_LUR,0
US_LP,0
US_GGX_NGDP,0
US_GGXWDN_NGDP,0
US_GGX,0
US_BCA,0
URY_PPPPC,26962.173
URY_PPPGDP,93.316
URY_PCPIE,204.085
URY_PCPI,201.886
URY_NGDP_FY,2297.327
URY_NGDPPC,663773.555
URY_LUR,7.205
URY_LP,3.461
URY_GGX_NGDP,32.664
URY_GGXWDN_NGDP,30.578
URY_GGX,750.405
URY_BCA,-2.624
UZB_PPPPC,8436.37
UZB_PPPGDP,277.342
UZB_PCPIE,5891.683
UZB_PCPI,5641.972
UZB_NGDP_FY,370954.205
UZB_NGDPPC,11283916.009
UZB_LUR,
UZB_LP,32.875
UZB_GGX_NGDP,34.348
UZB_GGXWDN_NGDP,
UZB_GGX,127413.672
UZB_BCA,0.188
VUT_PPPPC,2893.971
VUT_PPPGDP,0.871
VUT_PCPIE,168.946
VUT_PCPI,166.566
VUT_NGDP_FY,106.337
VUT_NGDPPC,353352.728
VUT_LUR,
VUT_LP,0.301
VUT_GGX_NGDP,23.857
VUT_GGXWDN_NGDP,
VUT_GGX,25.369
VUT_BCA,-0.084
VEN_PPPPC,15271.0
VEN_PPPGDP,510.501
VEN_PCPIE,27570.21
VEN_PCPI,22742.372
VEN_NGDP_FY,70328.364
VEN_NGDPPC,2103786.006
VEN_LUR,25.252
VEN_LP,33.429
VEN_GGX_NGDP,40.651
VEN_GGXWDN_NGDP,
VEN_GGX,28589.301
VEN_BCA,3.708
VNM_PPPPC,8314.028
VNM_PPPGDP,802.072
VNM_PCPIE,297.133
VNM_PCPI,293.31
VNM_NGDP_FY,7249822.486
VNM_NGDPPC,75149361.533
VNM_LUR,2.45
VNM_LP,96.472
VNM_GGX_NGDP,25.031
VNM_GGXWDN_NGDP,63.157
VNM_GGX,1814732.228
VNM_BCA,0.798
VGB_PPPPC,0
VGB_PPPGDP,0
VGB_PCPIE,0
VGB_PCPI,0
VGB_NGDP_FY,0
VGB_NGDPPC,0
VGB_LUR,0
VGB_LP,0
VGB_GGX_NGDP,0
VGB_GGXWDN_NGDP,0
VGB_GGX,0
VGB_BCA,0
VIR_PPPPC,0
VIR_PPPGDP,0
VIR_PCPIE,0
VIR_PCPI,0
VIR_NGDP_FY,0
VIR_NGDPPC,0
VIR_LUR,0
VIR_LP,0
VIR_GGX_NGDP,0
VIR_GGXWDN_NGDP,0
VIR_GGX,0
VIR_BCA,0
WLF_PPPPC,0
WLF_PPPGDP,0
WLF_PCPIE,0
WLF_PCPI,0
WLF_NGDP_FY,0
WLF_NGDPPC,0
WLF_LUR,0
WLF_LP,0
WLF_GGX_NGDP,0
WLF_GGXWDN_NGDP,0
WLF_GGX,0
WLF_BCA,0
ESH_PPPPC,0
ESH_PPPGDP,0
ESH_PCPIE,0
ESH_PCPI,0
ESH_NGDP_FY,0
ESH_NGDPPC,0
ESH_LUR,0
ESH_LP,0
ESH_GGX_NGDP,0
ESH_GGXWDN_NGDP,0
ESH_GGX,0
ESH_BCA,0
YEM_PPPPC,4353.283
YEM_PPPGDP,141.357
YEM_PCPIE,661.022
YEM_PCPI,657.063
YEM_NGDP_FY,15585.937
YEM_NGDPPC,479991.61
YEM_LUR,
YEM_LP,32.471
YEM_GGX_NGDP,24.054
YEM_GGXWDN_NGDP,50.791
YEM_GGX,3749.015
YEM_BCA,-0.727
ZMB_PPPPC,5459.429
ZMB_PPPGDP,99.645
ZMB_PCPIE,201.585
ZMB_PCPI,198.484
ZMB_NGDP_FY,335.487
ZMB_NGDPPC,18380.836
ZMB_LUR,
ZMB_LP,18.252
ZMB_GGX_NGDP,22.673
ZMB_GGXWDN_NGDP,34.085
ZMB_GGX,76.065
ZMB_BCA,0.158
ZWE_PPPPC,2586.795
ZWE_PPPGDP,36.63
ZWE_PCPIE,63.142
ZWE_PCPI,64.087
ZWE_NGDP_FY,17.389
ZWE_NGDPPC,1227.998
ZWE_LUR,
ZWE_LP,14.16
ZWE_GGX_NGDP,31.507
ZWE_GGXWDN_NGDP,
ZWE_GGX,5.479
ZWE_BCA,-4.084
ALA_PPPPC,0
ALA_PPPGDP,0
ALA_PCPIE,0
ALA_PCPI,0
ALA_NGDP_FY,0
ALA_NGDPPC,0
ALA_LUR,0
ALA_LP,0
ALA_GGX_NGDP,0
ALA_GGXWDN_NGDP,0
ALA_GGX,0
ALA_BCA,0
